<wpml-config>
    <custom-types>
        <custom-type translate="1">motov4_portfolio</custom-type>
        <custom-type translate="1">motov4_testimonial</custom-type>
        <custom-type translate="1">motov4_event</custom-type>
		<custom-type translate="1">product</custom-type>
	</custom-types>
    <taxonomies>
        <taxonomy translate="1">port_cat</taxonomy>
        <taxonomy translate="1">testi_cat</taxonomy>
        <taxonomy translate="1">event_cat</taxonomy>
		<taxonomy translate="1">product_cat</taxonomy>
	</taxonomies>
	<custom-fields>
	   <custom-field action="copy">motov4_timer_head</custom-field>
	   <custom-field action="copy">motov4_timer_tag</custom-field>
	   <custom-field action="copy">motov4_short_desc</custom-field>
	   <custom-field action="copy">motov4_btn1_text</custom-field>
	   <custom-field action="copy">motov4_btn1_link</custom-field>
	   <custom-field action="copy">motov4_btn2_link</custom-field>
	   <custom-field action="copy">motov4_seo_desc</custom-field>
	   <custom-field action="copy">motov4_seo_keywords</custom-field>
	   <custom-field action="copy">motov4_footer_text</custom-field>
	   <custom-field action="copy">motov4_top_notice1</custom-field>
	   <custom-field action="copy">motov4_top_notice1</custom-field>
	   <custom-field action="copy">motov4_slider_heading</custom-field>
	   <custom-field action="copy">motov4_footer_text</custom-field>
	   <custom-field action="copy">motov4_timer_head</custom-field>
	   <custom-field action="copy">motov4_timer_tag</custom-field>
	   <custom-field action="copy">motov4_short_desc</custom-field>
	   <custom-field action="copy">motov4_btn1_text</custom-field>
	   <custom-field action="copy">motov4_btn2_text</custom-field>
	   <custom-field action="copy">motov4_testi_desig</custom-field>
	   <custom-field action="copy">motov4_event_address</custom-field>
	</custom-fields>
	<admin-texts>
	     <key name="section-uc-main-start"/>
	     <key name="uc_style"/>
	     <key name="template1"/>
	     <key name="uc_head"/>
	     <key name="uc_desc"/>
	     <key name="uc_back_type"/>
	     <key name="uc_back_color"/>
	     <key name="uc_back_image"/>
	     <key name="uc_head_color"/>
	     <key name="uc_text_color"/>
	     <key name="section-uc-timer-start"/>
	     <key name="uc_tilmer"/>
	     <key name="uc_timer_style"/>
	     <key name="uc_timer_head"/>
	     <key name="uc_date"/>
	     <key name="uc_time"/>
	     <key name="uc_period"/>
	     <key name="uc_timezone"/>
	     <key name="uc_box_back_clr"/>
	     <key name="uc_timer_number_color"/>
	     <key name="uc_timer_label_color"/>
	     <key name="uc_timer_border_color"/>
	     <key name="section-uc-main-start"/>
	     <key name="uc_social"/>
	     <key name="theme_layout"/>
	     <key name="theme-layout"/>
	     <key name="boxed_layout"/>
	     <key name="boxed_color"/>
	     <key name="motov4-single-page"/>
	     <key name="signle_page_enable"/>
	     <key name="info_normal"/>
	     <key name="general"/>
	     <key name="top-header"/>
	     <key name="section-topheader-example-start"/>
	     <key name="mt4_top_header_preview"/>
	     <key name="section-topheader-start"/>
	     <key name="top_header"/>
	     <key name="preheader-sorter"/>
	     <key name="topbar_padding"/>
	     <key name="header_topbar_bg"/>
	     <key name="header_topbar_color"/>
	     <key name="preheader_layout"/>
	     <key name="section-button-start"/>
	     <key name="pre_button_text"/>
	     <key name="pre_button_link"/>
	     <key name="pre_btn_brdr_radi"/>
	     <key name="pre_header_btn_color_style"/>
	     <key name="pre_header_btn_back_color"/>
	     <key name="pre_header_btn_grad_color1"/>
	     <key name="pre_header_btn_grad_color2"/>
	     <key name="pre_header_btn_gra_per1"/>
	     <key name="pre_header_btn_gra_per2"/>
	     <key name="pre_header_btn_gra_type"/>
	     <key name="pre_header_btn_gra_degree"/>
	     <key name="pre_header_btn_text_color"/>
	     <key name="pre_header_btn_hover_chk"/>
	     <key name="pre_header_btn_hov_color_style"/>
	     <key name="top_notice1"/>
	     <key name="top_icon1"/>
	     <key name="top_notice2"/>
	     <key name="top_icon2"/>
	     <key name="top_icon_clr"/>
	     <key name="section-slider-start"/>
	     <key name="slider_heading"/>
	     <key name="news_posts"/>
	     <key name="slider_headbackclr"/>
	     <key name="header_btn_text"/>
	     <key name="header_btn_link"/>
	     <key name="title_transformation"/>
	     <key name="motov4_side_hed_font_size"/>
	     <key name="motov4_side_hed_line_hight"/>
	     <key name="motov4_side_hed_ltr_spc"/>
	     <key name="motov4_side_brdr_length"/>
	     <key name="motov4_side_brdr_width"/>
	     <key name="motov4_side_head_brdr_width"/>
	     <key name="motov4_side_head_brdr_radius"/>
	     <key name="footer_text"/>
	     <key name="btn_gra_per1"/>
	     <key name="btn_gra_degree"/>
	     <key name="btn_hov_gra_per1"/>
	     <key name="btn_hov_gra_per2"/>
	     <key name="btn_hov_gra_degree"/>
	     <key name="btn_brdr_radi"/>
	     <key name="woo_pagi_radius"/>
	     <key name="motov4_facebook"/>
	     <key name="motov4_twitter"/>
	     <key name="motov4_dribble"/>
	     <key name="motov4_instagram"/>
	     <key name="motov4_linkedIn"/>
	     <key name="motov4_flickr"/>
	     <key name="motov4_rss"/>
	     <key name="motov4_skype"/>
	     <key name="motov4_youtube"/>
	     <key name="motov4_yahoo"/>
	     <key name="motov4_soundcloud"/>
	     <key name="motov4_tumblr"/>
	     <key name="motov4_pinterst"/>
	     <key name="motov4_vimeo"/>
	     <key name="timer_head"/>
	     <key name="timer_time"/>
	     <key name="timeZone"/>
	     <key name="timer_tag"/>
	     <key name="short_desc"/>
	     <key name="btn1_text"/>
	     <key name="btn1_text"/>
	     <key name="btn1_link"/>
	     <key name="btn2_text"/>
	     <key name="btn2_link"/>
	     <key name="autoUpdateTime"/>
	     <key name="section-stickybar-add-start"/>
	     <key name="bar_back_color"/>
	     <key name="analytics_script"/>
	     <key name="analytics_script"/>
	     <key name="analytics_script"/>
	     <key name="analytics_script"/>
	     <key name="analytics_script"/>
	     <key name="analytics_script"/>
	     <key name="analytics_script"/>
	     <key name="analytics_script"/>
	     
	</admin-texts>
</wpml-config>  